Nama Wilayah;ADM2_PCODE;Tahun;Long;Lat;Y;X1;X2;X3;X4;X5;X6;X7;X8;X9;X10
Kep. Seribu;ID3101;2019;106.5071982;-5.7985266;12.09;8.47;12623;71.4;68.51;8.70;72.79;92.84; 5.89 ; 57.53 ;3898736
Kota Jakarta Selatan;ID3171;2019;106.807915;-6.262654;2.73;11.62;23851;84.75;74.03;11.61;92.75;99.91; 7.19 ; 62.89 ;421300849
Kota Jakarta Timur;ID3172;2019;106.899527;-6.224886;3.12;11.65;17662;82.69;74.37;11.42;95.36;99.66; 6.35 ; 63.74 ;313540959
Kota Jakarta Pusat;ID3173;2019;106.827915;-6.180105;3.68;11.25;17285;81.24;74.02;11.18;87.53;100.00; 7.88 ; 64.42 ;452521529
Kota Jakarta Barat;ID3174;2019;106.76334;-6.167484;3.25;10.4;20875;81.21;73.54;10.57;94.95;99.78; 5.55 ; 62.61 ;318927929
Kota Jakarta Utara;ID3175;2019;106.89255;-6.155492;5.04;10.7;18566;80.17;73.18;10.73;89.51;100.00; 6.72 ; 67.08 ;332807592
Bogor;ID3201;2019;106.6291;-6.5518;6.66;8.29;10683;70.65;71.01;8.82;61.17;91.02; 9.11 ; 65.41 ;156876009
Sukabumi;ID3202;2019;106.9536;-6.8649;6.22;7.02;8973;66.87;70.73;7.65;49.66;79.57; 8.05 ; 62.65 ;46628336
Cianjur;ID3203;2019;107.1957;-7.358;9.15;6.97;8290;65.38;69.91;7.37;49.71;81.50; 9.81 ; 66.00 ;32039318
Bandung;ID3204;2019;107.6215;-7.1341;5.94;8.79;10502;72.41;73.4;9.13;70.09;97.84; 5.51 ; 65.32 ;82547437
Garut;ID3205;2019;107.7636;-7.5012;8.98;7.51;8099;66.22;71.22;8.00;41.37;84.17; 7.35 ; 62.60 ;39092492
Tasikmalaya;ID3206;2019;108.1429;-7.6513;9.12;7.17;8092;65.64;69.21;7.81;47.19;76.18; 6.31 ; 66.46 ;24586665
Ciamis;ID3207;2019;108.3493;-7.3321;6.65;7.69;9557;70.39;71.57;8.08;57.53;82.80; 5.16 ; 67.39 ;22001240
Kuningan;ID3208;2019;108.5701;-7.0138;11.41;7.38;9673;69.12;73.35;7.81;82.68;94.26; 9.68 ; 61.20 ;16864147
Cirebon;ID3209;2019;108.4751;-6.6899;9.94;6.71;10670;68.69;71.82;7.54;81.84;95.55; 10.35 ; 65.23 ;33668098
Majalengka;ID3210;2019;108.2852;-6.7791;10.06;7.09;9822;67.52;69.97;7.64;76.36;97.95; 4.37 ; 67.83 ;21561720
Sumedang;ID3211;2019;107.9532;-6.8329;9.05;8.27;10406;71.46;72.29;8.64;89.26;89.77; 7.70 ; 63.90 ;23932730
Indramayu;ID3212;2019;108.3258;-6.3373;11.11;5.99;10090;66.97;71.37;6.61;86.40;95.25; 8.35 ; 67.69 ;60153183
Subang;ID3213;2019;107.7636;-6.3488;8.12;6.85;11012;68.69;72.13;7.34;78.23;98.33; 8.68 ; 67.67 ;28672900
Purwakarta;ID3214;2019;107.4322;-6.5649;7.48;7.92;11819;70.67;70.8;8.28;82.60;82.34; 9.73 ; 63.88 ;46278213
Karawang;ID3215;2019;107.3376;-6.3227;7.39;7.65;11856;70.86;71.98;8.27;74.32;95.84; 9.68 ; 63.57 ;163946848
Bekasi;ID3216;2019;107.1485;-6.2474;4.01;8.84;11610;73.99;73.56;8.96;86.97;96.07; 9.00 ; 64.02 ;251502786
Kab Bandung Barat;ID3217;2019;107.492;-6.8652;9.38;8.18;8684;68.27;72.18;8.71;59.47;92.17; 8.24 ; 61.97 ;31398352
Kota Bogor;ID3271;2019;106.806;-6.5971;5.77;10.32;11825;76.23;73.41;10.36;67.57;98.75; 9.16 ; 63.68 ;32295729
Kota Sukabumi;ID3272;2019;106.93;-6.9277;6.67;9.58;11204;74.31;72.26;9.88;39.79;97.60; 8.49 ; 62.48 ;8664017
Kota Bandung;ID3273;2019;107.6191;-6.9175;3.38;10.74;17254;81.62;74.14;10.94;51.65;98.55; 8.18 ; 65.90 ;197642888
Kota Cirebon;ID3274;2019;108.5523;-6.732;8.41;9.9;11930;74.92;72.13;9.82;90.85;99.79; 9.04 ; 62.71 ;16812489
Kota Bekasi;ID3275;2019;106.9756;-6.2383;3.81;11.1;16157;81.59;74.89;11.17;96.01;99.26; 8.30 ; 65.66 ;69406530
Kota Depok;ID3276;2019;106.7942;-6.4025;2.07;11;15696;80.82;74.31;10.98;96.30;99.01; 6.12 ; 64.96 ;49076576
Kota Cimahi;ID3277;2019;107.5413;-6.8841;4.39;10.95;12448;78.11;73.89;10.56;69.61;98.05; 8.09 ; 63.26 ;22856042
Kota Tasikmalaya;ID3278;2019;108.2172;-7.3506;11.6;9.13;10414;72.84;71.93;9.45;46.66;95.76; 6.78 ; 65.26 ;15746124
Kota Banjar;ID3279;2019;108.5342;-7.3707;5.5;8.62;10705;71.75;70.79;8.86;88.21;95.67; 6.16 ; 67.59 ;3221445
Cilacap;ID3301;2019;108.9027;-7.6178;10.73;6.93;10639;69.98;73.52;7.46;76.91;94.20; 7.24 ; 65.34 ;100327299
Banyumas;ID3302;2019;109.1404;-7.4832;12.53;7.42;11703;71.96;73.55;7.91;67.29;92.08; 4.17 ; 67.34 ;39779321
Purbalingga;ID3303;2019;109.4259;-7.3059;15.03;7.14;10131;68.99;73.02;7.57;70.81;90.75; 4.73 ; 68.14 ;17387611
Banjarnegara;ID3304;2019;109.6163;-7.3794;14.76;6.5;9547;67.34;74.01;6.97;40.31;84.96; 4.44 ; 70.09 ;15246866
Kebumen;ID3305;2019;109.6525;-7.6681;16.82;7.53;9066;69.6;73.22;7.91;85.78;93.02; 4.69 ; 68.72 ;19815063
Purworejo;ID3306;2019;109.9989;-7.6965;11.45;7.91;10342;72.5;74.52;8.25;70.73;91.09; 2.91 ; 66.81 ;13353336
Wonosobo;ID3307;2019;109.9002;-7.3632;16.63;6.76;10871;68.27;71.6;7.20;40.56;89.88; 3.43 ; 72.07 ;13793040
Magelang;ID3308;2019;110.2832;-7.4305;10.67;7.77;9387;69.87;73.56;8.20;73.97;90.59; 3.07 ; 74.73 ;23253154
Boyolali;ID3309;2019;110.6884;-7.4318;9.53;7.56;13079;73.8;75.83;7.99;90.52;92.96; 3.09 ; 72.70 ;22681098
Klaten;ID3310;2019;110.6646;-7.6579;12.28;8.31;12074;75.29;76.68;8.70;92.57;100.00; 3.54 ; 69.10 ;27805994
Sukoharjo;ID3311;2019;110.8553;-7.6484;7.14;9.1;11557;76.84;77.55;9.54;95.49;98.55; 3.39 ; 68.50 ;27076443
Wonogiri;ID3312;2019;111.046;-7.8846;10.25;7.04;9426;69.98;76.07;7.55;91.94;98.54; 2.55 ; 69.86 ;20856209
Karanganyar;ID3313;2019;111.046;-7.6387;9.55;8.52;11569;75.89;77.38;8.87;94.24;97.34; 3.12 ; 70.19 ;26599744
Sragen;ID3314;2019;111.0092;-7.4303;12.79;7.34;12720;73.43;75.62;7.85;89.88;95.57; 3.32 ; 67.71 ;26853059
Grobogan;ID3315;2019;110.9507;-7.1542;11.77;6.86;10350;69.86;74.61;7.43;86.72;70.04; 3.54 ; 69.25 ;19692631
Blora;ID3316;2019;111.3799;-7.0122;11.32;6.58;9795;68.65;74.23;7.09;83.99;92.24; 3.82 ; 68.54 ;18318415
Rembang;ID3317;2019;111.4276;-6.8082;14.95;7.15;10551;70.15;74.43;7.69;90.26;96.60; 3.60 ; 66.26 ;13612335
Pati;ID3318;2019;111.046;-6.745;9.46;7.19;10660;71.35;76.04;7.71;90.85;97.06; 3.64 ; 66.08 ;30885379
Kudus;ID3319;2019;110.8791;-6.7726;6.68;8.63;11318;74.94;76.5;8.95;88.13;97.26; 3.80 ; 72.05 ;73241777
Jepara;ID3320;2019;110.6787;-6.5827;6.66;7.44;10609;71.88;75.74;7.99;64.47;93.16; 2.92 ; 68.43 ;21384283
Demak;ID3321;2019;110.6646;-6.9239;11.86;7.55;10344;71.87;75.31;8.20;87.06;94.80; 5.42 ; 67.72 ;18417010
Semarang;ID3322;2019;110.4739;-7.1765;7.04;8.01;12116;74.14;75.63;8.48;87.54;98.26; 2.54 ; 74.69 ;35638962
Temanggung;ID3323;2019;110.0892;-7.2749;9.42;7.15;9489;69.56;75.48;7.57;64.13;91.10; 2.98 ; 76.23 ;15214059
Kendal;ID3324;2019;110.1879;-7.0265;9.41;7.25;11597;71.97;74.33;7.96;86.97;97.58; 6.26 ; 67.91 ;30916386
Batang;ID3325;2019;109.9021;-7.0392;8.35;6.63;9573;68.42;74.59;7.29;65.04;97.92; 4.11 ; 68.75 ;15226787
Pekalongan;ID3326;2019;109.6163;-7.0517;9.71;6.88;10508;69.71;73.57;7.44;75.54;91.53; 4.35 ; 71.15 ;16356351
Pemalang;ID3327;2019;109.4259;-7.0599;15.41;6.41;8546;66.32;73.22;7.04;75.61;95.60; 6.45 ; 66.27 ;18267200
Tegal;ID3328;2019;109.1048;-6.8588;7.64;6.86;9798;68.24;71.4;7.55;83.79;97.68; 8.12 ; 66.50 ;24861496
Brebes;ID3329;2019;108.9027;-6.9592;16.22;6.2;10238;66.12;69.04;6.69;71.75;95.38; 7.39 ; 66.08 ;32847863
Kota Magelang;ID3371;2019;110.2177;-7.4797;7.46;10.33;12514;78.8;76.75;10.30;82.13;100.00; 4.37 ; 64.95 ;6470540
Kota Surakarta;ID3372;2019;110.8243;-7.5755;8.7;10.54;15049;81.86;77.12;10.69;92.63;98.04; 4.16 ; 69.27 ;35441108
Kota Salatiga;ID3373;2019;110.5084;-7.3305;4.76;10.41;15944;83.12;77.22;10.53;95.35;98.92; 4.33 ; 66.96 ;9666446
Kota Semarang;ID3374;2019;110.4381;-7.0051;3.98;10.52;15550;83.19;77.25;10.60;93.99;97.07; 4.50 ; 66.87 ;140199517
Kota Pekalongan;ID3375;2019;109.6746;-6.8898;6.6;8.71;12680;74.77;74.28;8.96;89.39;97.12; 5.80 ; 72.46 ;7477425
Kota Tegal;ID3376;2019;109.1256;-6.8797;7.47;8.31;13250;74.93;74.34;8.66;87.58;100.00; 8.08 ; 69.61 ;11205783
Kulon Progo;ID3401;2019;110.1641;-7.8267;17.39;8.66;10275;74.44;75.2;8.70;90.45;83.59; 1.80 ; 76.54 ;8770750
Bantul;ID3402;2019;110.3785;-7.919;12.92;9.54;15636;80.01;73.77;10.00;92.80;96.81; 3.07 ; 73.01 ;19155274
Gunung Kidul;ID3403;2019;110.6169;-8.0305;16.61;7.13;9612;69.96;74.03;7.50;93.34;93.09; 1.96 ; 76.09 ;13605075
Sleman;ID3404;2019;110.4024;-7.7325;7.41;10.67;16434;83.85;74.77;10.95;97.76;96.29; 3.98 ; 70.27 ;35286507
Kota Yogyakarta;ID3471;2019;110.3695;-7.7956;6.84;11.45;19125;86.65;74.56;11.37;95.30;99.27; 4.95 ; 69.48 ;27685286
Pacitan;ID3501;2019;111.1414;-8.1263;13.67;7.28;9033;68.16;71.77;7.64;65.01;77.72; 0.91 ; 79.62 ;11040775
Ponorogo;ID3502;2019;111.4696;-7.8651;9.64;7.21;9883;70.56;72.65;7.73;80.37;93.02; 3.50 ; 71.15 ;14297100
Trenggalek;ID3503;2019;111.6184;-8.1824;10.98;7.28;9865;69.46;73.59;7.63;72.72;80.53; 3.36 ; 73.45 ;12779455
Tulungagung;ID3504;2019;111.9642;-8.0912;6.74;8.07;10891;72.62;73.95;8.30;79.82;97.65; 3.29 ; 70.48 ;27299802
Blitar;ID3505;2019;112.1609;-8.0955;8.94;7.29;10861;70.57;73.39;7.68;75.73;92.71; 3.05 ; 72.93 ;25530112
Kediri;ID3506;2019;112.1907;-7.8232;10.42;8.01;11146;71.85;72.54;8.53;84.73;97.42; 3.58 ; 71.76 ;29193722
Malang;ID3507;2019;112.7152;-8.2422;9.47;7.27;10270;70.35;72.45;7.82;79.49;98.00; 3.70 ; 70.07 ;68379670
Lumajang;ID3508;2019;113.1442;-8.0944;9.49;6.22;9274;65.33;69.94;6.76;69.59;93.98; 2.73 ; 66.14 ;22563390
Jember;ID3509;2019;113.6681;-8.1845;9.25;6.18;9525;66.69;68.99;6.97;63.78;92.98; 3.69 ; 67.16 ;54200041
Banyuwangi;ID3510;2019;114.3691;-8.2191;7.52;7.13;12264;70.6;70.54;7.59;78.36;94.03; 3.95 ; 72.13 ;55274032
Bondowoso;ID3511;2019;113.9061;-7.9674;13.33;5.71;10665;66.09;66.55;6.49;43.10;93.12; 2.86 ; 76.01 ;13637365
Situbondo;ID3512;2019;114.1915;-7.7889;11.2;6.12;10097;67.09;68.97;6.75;52.14;96.28; 2.77 ; 72.40 ;13599572
Probolinggo;ID3513;2019;113.4776;-7.8718;17.76;5.77;10972;65.6;67;6.63;55.96;89.59; 3.77 ; 68.88 ;23395251
Pasuruan;ID3514;2019;112.8582;-7.786;8.68;7.11;10381;68.29;70.17;7.87;73.47;93.14; 5.22 ; 68.82 ;105289182
Sidoarjo;ID3515;2019;112.6675;-7.4726;5.32;10.25;14609;80.05;73.98;9.81;94.07;97.55; 4.62 ; 66.98 ;140492938
Mojokerto;ID3516;2019;112.4351;-7.4699;9.75;8.49;12860;73.53;72.43;8.91;91.30;98.87; 3.61 ; 69.46 ;58467148
Jombang;ID3517;2019;112.2861;-7.5741;9.22;8.53;11533;72.85;72.27;8.95;88.70;94.01; 4.28 ; 71.04 ;28216180
Nganjuk;ID3518;2019;111.9046;-7.5944;11.24;7.63;12200;71.71;71.44;8.18;79.58;97.34; 3.16 ; 66.78 ;18304205
Madiun;ID3519;2019;111.6184;-7.6093;10.54;7.8;11650;71.69;71.22;8.27;89.14;96.28; 3.52 ; 70.47 ;13161840
Magetan;ID3520;2019;111.356;-7.6433;9.61;7.96;11779;73.49;72.49;8.08;84.00;98.96; 2.98 ; 72.34 ;13237473
Ngawi;ID3521;2019;111.3322;-7.461;14.39;6.98;11468;70.41;72.16;7.51;76.34;95.72; 3.60 ; 72.48 ;13710886
Bojonegoro;ID3522;2019;111.7615;-7.3175;12.38;7.09;10265;68.75;71.36;7.78;86.58;98.18; 3.56 ; 71.29 ;69985678
Tuban;ID3523;2019;112.0298;-6.8955;14.58;6.81;10499;68.37;71.26;7.52;77.79;96.02; 2.70 ; 68.76 ;45356094
Lamongan;ID3524;2019;112.3338;-7.1269;13.21;7.89;11572;72.57;72.27;8.47;90.08;84.31; 3.89 ; 68.96 ;27706155
Gresik;ID3525;2019;112.5722;-7.155;11.35;9.29;13295;76.1;72.61;9.65;97.99;97.19; 5.40 ; 65.83 ;101346548
Bangkalan;ID3526;2019;112.9137;-7.0384;18.9;5.66;8718;63.79;70.11;6.46;54.66;90.38; 5.62 ; 63.44 ;18550799
Sampang;ID3527;2019;113.2394;-7.0402;20.71;4.55;8760;61.94;67.96;5.86;73.04;82.71; 2.71 ; 66.74 ;13994780
Pamekasan;ID3528;2019;113.5252;-7.1051;13.95;6.4;8834;65.94;67.45;7.33;72.37;84.03; 2.26 ; 68.50 ;11407360
Sumenep;ID3529;2019;113.9061;-6.9254;19.48;5.46;9082;66.22;71.22;6.39;68.63;95.19; 2.08 ; 75.33 ;23816439
Kota Kediri;ID3571;2019;112.0178;-7.848;7.16;9.92;12440;78.08;73.96;9.59;95.60;99.85; 4.15 ; 64.81 ;90001516
Kota Blitar;ID3572;2019;112.1609;-8.0955;7.13;10.1;13851;78.56;73.6;10.29;94.82;96.49; 4.54 ; 72.15 ;4832892
Kota Malang;ID3573;2019;112.6326;-7.9666;4.07;10.17;16666;81.32;73.15;10.32;85.20;99.26; 5.88 ; 66.10 ;52334750
Kota Probolinggo;ID3574;2019;113.2037;-7.7764;6.91;8.69;12280;73.27;70.19;9.06;88.32;99.85; 4.25 ; 64.12 ;8338768
Kota Pasuruan;ID3575;2019;112.8999;-7.6469;6.46;9.11;13393;75.25;71.4;9.34;86.86;99.55; 4.89 ; 68.12 ;5964658
Kota Mojokerto;ID3576;2019;112.4401;-7.4705;5.15;10.24;13710;77.96;73.21;10.68;94.89;98.08; 2.63 ; 65.09 ;4985676
Kota Madiun;ID3577;2019;111.53;-7.6311;4.35;11.13;16040;80.88;72.75;11.08;98.06;99.87; 3.96 ; 66.86 ;10623075
Kota Surabaya;ID3578;2019;112.7521;-7.2575;4.51;10.47;17854;82.22;74.13;10.18;93.89;97.65; 5.76 ; 68.76 ;410879306
Kota Batu;ID3579;2019;112.5334;-7.8831;3.81;9.06;12870;75.88;72.54;9.62;92.82;94.99; 2.42 ; 71.22 ;11786650
Pandeglang;ID3601;2019;105.6882;-6.7483;9.42;6.96;8719;64.91;64.49;7.50;51.76;71.93; 8.67 ; 60.88 ;19644125
Lebak;ID3602;2019;106.2522;-6.5644;8.3;6.31;8850;63.88;67.04;6.84;57.60;61.38; 7.96 ; 64.37 ;20810487
Tangerang;ID3603;2019;106.4877;-6.1872;5.14;8.28;12476;71.93;69.79;8.49;81.15;98.20; 8.92 ; 66.07 ;97129166
Serang;ID3604;2019;106.0405;-6.1397;4.08;7.33;10802;66.38;64.47;7.86;76.83;90.20; 10.58 ; 63.30 ;54347488
Kota Tangerang;ID3671;2019;106.6527;-6.2024;4.43;10.65;14860;78.43;71.57;10.83;95.40;100.00; 7.14 ; 64.95 ;110556398
Kota Cilegon;ID3672;2019;106.0111;-6.0025;3.03;9.74;13230;73.01;66.6;9.88;95.17;99.69; 9.64 ; 62.03 ;74228641
Kota Serang;ID3673;2019;106.164;-6.1104;5.28;8.67;13418;72.1;67.83;8.84;83.75;97.14; 8.07 ; 62.74 ;22813096
Kota Tangerang Selatan;ID3674;2019;106.7113;-6.2835;1.68;11.8;15988;81.48;72.41;11.48;97.30;99.87; 4.78 ; 60.57 ;60137014
Kep. Seribu;ID3101;2020;106.5071982;-5.7985266;14.87;8.68;12412;71.63;68.76;9.05;82.27;95.57; 7.37 ; 60.70 ;3706255
Kota Jakarta Selatan;ID3171;2020;106.807915;-6.262654;3.43;11.63;23575;84.72;74.12;11.57;90.07;99.54; 10.79 ; 63.81 ;419262189
Kota Jakarta Timur;ID3172;2020;106.899527;-6.224886;4.16;11.66;17438;82.66;74.47;11.35;97.81;100.00; 9.29 ; 61.98 ;299539955
Kota Jakarta Pusat;ID3173;2020;106.827915;-6.180105;4.51;11.38;17179;81.39;74.11;11.37;90.05;100.00; 10.97 ; 63.73 ;449560751
Kota Jakarta Barat;ID3174;2020;106.76334;-6.167484;4.25;10.63;20468;81.38;73.62;10.74;94.01;99.92; 12.27 ; 64.37 ;316179587
Kota Jakarta Utara;ID3175;2020;106.89255;-6.155492;6.78;10.8;18437;80.29;73.28;10.89;89.58;99.81; 11.79 ; 65.97 ;312114279
Bogor;ID3201;2020;106.6291;-6.5518;7.69;8.3;10317;70.4;71.17;8.55;53.36;92.13; 14.29 ; 62.65 ;154113604
Sukabumi;ID3202;2020;106.9536;-6.8649;7.09;7.07;8823;66.88;70.97;7.82;62.88;79.98; 9.60 ; 61.56 ;46199313
Cianjur;ID3203;2020;107.1957;-7.358;10.36;7.18;7980;65.36;70.13;7.69;51.40;82.73; 11.05 ; 69.26 ;31790758
Bandung;ID3204;2020;107.6215;-7.1341;6.91;8.96;10201;72.39;73.53;9.27;67.27;95.87; 8.58 ; 62.20 ;81059064
Garut;ID3205;2020;107.7636;-7.5012;9.98;7.52;7876;66.12;71.41;7.99;46.42;81.86; 8.96 ; 61.11 ;38598145
Tasikmalaya;ID3206;2020;108.1429;-7.6513;10.34;7.35;7852;65.67;69.47;7.94;51.45;85.17; 7.12 ; 69.54 ;24344857
Ciamis;ID3207;2020;108.3493;-7.3321;7.62;7.7;9288;70.49;71.83;8.02;69.20;89.40; 5.66 ; 71.41 ;21970410
Kuningan;ID3208;2020;108.5701;-7.0138;12.82;7.57;9459;69.38;73.59;8.23;83.92;93.37; 11.22 ; 61.98 ;16882759
Cirebon;ID3209;2020;108.4751;-6.6899;11.24;6.92;10342;68.75;71.99;7.83;83.23;96.12; 11.52 ; 63.79 ;33304494
Majalengka;ID3210;2020;108.2852;-6.7791;11.43;7.27;9521;67.59;70.27;7.99;79.44;97.19; 5.84 ; 69.66 ;21754535
Sumedang;ID3211;2020;107.9532;-6.8329;10.26;8.51;10217;71.64;72.43;9.04;92.43;94.96; 9.89 ; 68.96 ;23665007
Indramayu;ID3212;2020;108.3258;-6.3373;12.7;6.3;9859;67.29;71.63;6.98;88.86;98.14; 9.21 ; 69.53 ;59200002
Subang;ID3213;2020;107.7636;-6.3488;9.31;7.1;10790;68.95;72.35;7.63;81.14;97.78; 9.48 ; 66.70 ;28342555
Purwakarta;ID3214;2020;107.4322;-6.5649;8.27;8.09;11614;70.82;70.99;8.52;83.21;80.37; 11.07 ; 60.91 ;45293243
Karawang;ID3215;2020;107.3376;-6.3227;8.26;7.77;11315;70.66;72.15;8.35;78.14;97.62; 11.52 ; 64.90 ;157710593
Bekasi;ID3216;2020;107.1485;-6.2474;4.82;9.12;11241;74.07;73.68;9.80;88.82;98.23; 11.54 ; 64.23 ;242959086
Kab Bandung Barat;ID3217;2020;107.492;-6.8652;10.49;8.19;8455;68.08;72.34;8.67;71.47;93.26; 12.25 ; 59.91 ;30640409
Kota Bogor;ID3271;2020;106.806;-6.5971;6.68;10.33;11564;76.11;73.61;10.28;69.86;99.02; 12.68 ; 60.81 ;32162742
Kota Sukabumi;ID3272;2020;106.93;-6.9277;7.7;9.59;10999;74.21;72.42;9.75;34.93;96.84; 12.17 ; 55.74 ;8534717
Kota Bandung;ID3273;2020;107.6191;-6.9175;3.99;10.75;16887;81.51;74.28;10.82;51.39;98.43; 11.19 ; 64.71 ;193144954
Kota Cirebon;ID3274;2020;108.5523;-6.732;9.52;9.91;11800;74.89;72.26;9.92;89.01;99.36; 10.97 ; 63.76 ;16648443
Kota Bekasi;ID3275;2020;106.9756;-6.2383;4.38;11.16;15776;81.5;75.01;11.32;93.90;99.74; 10.68 ; 64.74 ;67619239
Kota Depok;ID3276;2020;106.7942;-6.4025;2.45;11.28;15281;80.97;74.44;11.34;97.48;100.00; 9.87 ; 63.96 ;48135585
Kota Cimahi;ID3277;2020;107.5413;-6.8841;5.11;10.96;12025;77.83;74.03;10.86;70.05;99.04; 13.30 ; 62.67 ;22340562
Kota Tasikmalaya;ID3278;2020;108.2172;-7.3506;12.97;9.33;10263;73.04;72.15;9.60;49.29;94.17; 7.99 ; 66.54 ;15430019
Kota Banjar;ID3279;2020;108.5342;-7.3707;6.09;8.63;10535;71.7;70.99;8.84;89.33;98.88; 6.73 ; 67.35 ;3251705
Cilacap;ID3301;2020;108.9027;-7.6178;11.46;6.97;10440;69.95;73.73;7.55;80.85;93.02; 9.10 ; 67.79 ;90011584
Banyumas;ID3302;2020;109.1404;-7.4832;13.26;7.52;11448;71.98;73.72;8.06;75.24;92.80; 6.00 ; 66.66 ;39121624
Purbalingga;ID3303;2020;109.4259;-7.3059;15.9;7.24;9914;68.97;73.14;7.76;81.24;94.51; 6.10 ; 69.89 ;17182874
Banjarnegara;ID3304;2020;109.6163;-7.3794;15.64;6.74;9263;67.45;74.18;7.25;46.25;85.54; 5.86 ; 69.69 ;15045885
Kebumen;ID3305;2020;109.6525;-7.6681;17.59;7.54;8901;69.81;73.4;7.77;91.95;88.16; 6.07 ; 69.63 ;19527665
Purworejo;ID3306;2020;109.9989;-7.6965;11.78;8.12;10163;72.68;74.72;8.77;83.79;86.82; 4.04 ; 70.05 ;13138294
Wonosobo;ID3307;2020;109.9002;-7.3632;17.36;6.81;10621;68.22;71.82;7.20;48.18;97.74; 5.37 ; 71.26 ;13566176
Magelang;ID3308;2020;110.2832;-7.4305;11.27;7.78;9301;69.87;73.72;8.10;76.91;90.51; 4.27 ; 76.60 ;22865152
Boyolali;ID3309;2020;110.6884;-7.4318;10.18;7.84;12910;74.25;75.95;8.37;92.65;95.08; 5.28 ; 75.11 ;22409733
Klaten;ID3310;2020;110.6646;-7.6579;12.89;8.58;11921;75.56;76.78;9.10;94.68;97.83; 5.46 ; 68.33 ;27480359
Sukoharjo;ID3311;2020;110.8553;-7.6484;7.68;9.34;11325;76.98;77.65;9.72;96.64;99.27; 6.93 ; 68.74 ;26616503
Wonogiri;ID3312;2020;111.046;-7.8846;10.86;7.33;9286;70.25;76.16;7.72;94.47;96.84; 4.27 ; 74.69 ;20563144
Karanganyar;ID3313;2020;111.046;-7.6387;10.28;8.56;11428;75.86;77.47;8.98;96.70;98.53; 5.96 ; 73.55 ;26103228
Sragen;ID3314;2020;111.0092;-7.4303;13.38;7.65;12589;73.95;75.71;8.15;93.27;98.15; 4.75 ; 68.44 ;26367261
Grobogan;ID3315;2020;110.9507;-7.1542;12.46;6.91;10221;69.87;74.75;7.52;87.39;81.60; 4.50 ; 69.77 ;19383027
Blora;ID3316;2020;111.3799;-7.0122;11.96;6.83;9571;68.84;74.41;7.39;87.46;92.41; 4.89 ; 71.90 ;17483887
Rembang;ID3317;2020;111.4276;-6.8082;15.6;7.16;10328;70.02;74.55;7.72;92.68;96.57; 4.83 ; 65.17 ;13409631
Pati;ID3318;2020;111.046;-6.745;10.08;7.44;10390;71.77;76.22;7.99;92.17;94.97; 4.74 ; 63.85 ;30527473
Kudus;ID3319;2020;110.8791;-6.7726;7.31;8.75;11160;75;76.6;9.19;91.81;98.32; 5.53 ; 74.50 ;70961749
Jepara;ID3320;2020;110.6787;-6.5827;7.17;7.68;10343;71.99;75.84;8.28;63.67;83.61; 6.70 ; 69.92 ;20973089
Demak;ID3321;2020;110.6646;-6.9239;12.54;7.71;10128;72.22;75.4;8.41;91.54;96.30; 7.31 ; 69.79 ;18374562
Semarang;ID3322;2020;110.4739;-7.1765;7.51;8.02;11966;74.1;75.73;8.44;89.53;98.22; 4.57 ; 75.07 ;34688037
Temanggung;ID3323;2020;110.0892;-7.2749;9.96;7.24;9343;69.57;75.58;7.64;68.99;92.81; 3.85 ; 58.73 ;14890755
Kendal;ID3324;2020;110.1879;-7.0265;9.99;7.45;11425;72.29;74.43;8.27;85.37;95.78; 7.56 ; 70.50 ;30449024
Batang;ID3325;2020;109.9021;-7.0392;9.13;6.87;9431;68.65;74.69;7.56;67.91;98.09; 6.92 ; 69.78 ;15031084
Pekalongan;ID3326;2020;109.6163;-7.0517;10.19;6.91;10312;69.63;73.69;7.57;76.85;97.14; 6.97 ; 71.23 ;16047512
Pemalang;ID3327;2020;109.4259;-7.0599;16.02;6.42;8461;66.32;73.4;6.97;77.64;92.85; 7.64 ; 65.57 ;18155597
Tegal;ID3328;2020;109.1048;-6.8588;8.14;6.98;9612;68.39;71.6;7.64;81.52;96.80; 9.82 ; 66.52 ;24492666
Brebes;ID3329;2020;108.9027;-6.9592;17.03;6.21;10058;66.11;69.33;6.85;73.81;93.17; 9.83 ; 66.65 ;32693081
Kota Magelang;ID3371;2020;110.2177;-7.4797;7.58;10.39;12210;78.99;76.85;10.81;85.87;100.00; 8.59 ; 67.61 ;6312054
Kota Surakarta;ID3372;2020;110.8243;-7.5755;9.03;10.69;14761;82.21;77.22;10.99;90.03;99.40; 7.92 ; 68.84 ;34815965
Kota Salatiga;ID3373;2020;110.5084;-7.3305;4.94;10.42;15699;83.14;77.4;10.58;94.61;99.12; 7.44 ; 70.23 ;9503711
Kota Semarang;ID3374;2020;110.4381;-7.0051;4.34;10.53;15243;83.05;77.34;10.69;93.96;98.90; 9.57 ; 69.89 ;137609712
Kota Pekalongan;ID3375;2020;109.6746;-6.8898;7.17;8.96;12467;74.98;74.38;9.22;88.49;99.90; 7.02 ; 66.45 ;7337834
Kota Tegal;ID3376;2020;109.1256;-6.8797;7.8;8.51;12999;75.07;74.46;9.07;91.19;99.89; 8.40 ; 64.57 ;10949122
Kulon Progo;ID3401;2020;110.1641;-7.8267;18.01;8.86;10041;74.46;75.24;9.35;95.06;92.56; 3.71 ; 77.88 ;8414316
Bantul;ID3402;2020;110.3785;-7.919;13.5;9.55;15517;80.01;73.86;9.72;97.96;97.65; 4.06 ; 74.45 ;18837869
Gunung Kidul;ID3403;2020;110.6169;-8.0305;17.07;7.21;9486;69.98;74.12;7.61;95.80;94.50; 2.16 ; 65.30 ;13511289
Sleman;ID3404;2020;110.4024;-7.7325;8.12;10.91;15926;83.84;74.81;11.16;97.55;95.20; 5.09 ; 70.51 ;33901796
Kota Yogyakarta;ID3471;2020;110.3695;-7.7956;7.27;11.46;18678;86.61;74.65;11.63;96.49;99.75; 9.16 ; 68.62 ;27014491
Pacitan;ID3501;2020;111.1414;-8.1263;14.54;7.6;8796;68.39;71.94;8.07;69.90;84.43; 2.28 ; 80.36 ;10837866
Ponorogo;ID3502;2020;111.4696;-7.8651;9.95;7.54;9670;70.81;72.77;8.01;84.97;91.15; 4.45 ; 71.51 ;14168621
Trenggalek;ID3503;2020;111.6184;-8.1824;11.62;7.55;9630;69.74;73.75;8.00;76.81;80.64; 4.11 ; 75.72 ;12502385
Tulungagung;ID3504;2020;111.9642;-8.0912;7.33;8.33;10705;73;74.08;8.70;89.45;96.75; 4.61 ; 73.17 ;26455765
Blitar;ID3505;2020;112.1609;-8.0955;9.33;7.39;10654;70.58;73.52;7.90;80.36;95.35; 3.82 ; 70.83 ;24945465
Kediri;ID3506;2020;112.1907;-7.8232;11.4;8.02;11000;72.05;72.61;8.38;83.59;98.89; 5.24 ; 70.65 ;28490953
Malang;ID3507;2020;112.7152;-8.2422;10.15;7.42;10028;70.36;72.55;7.95;80.99;95.48; 5.49 ; 71.62 ;66545473
Lumajang;ID3508;2020;113.1442;-8.0944;9.83;6.4;9088;65.46;70.1;7.23;84.53;95.89; 3.36 ; 66.92 ;21933792
Jember;ID3509;2020;113.6681;-8.1845;10.09;6.48;9294;67.11;69.15;7.25;65.83;90.49; 5.12 ; 68.04 ;52586558
Banyuwangi;ID3510;2020;114.3691;-8.2191;8.06;7.16;12140;70.62;70.65;7.64;77.44;91.62; 5.34 ; 71.80 ;53295106
Bondowoso;ID3511;2020;113.9061;-7.9674;14.17;5.93;10610;66.43;66.74;6.63;44.07;91.75; 4.13 ; 75.09 ;13451771
Situbondo;ID3512;2020;114.1915;-7.7889;12.22;6.46;9857;67.38;69.13;7.36;55.29;96.18; 3.85 ; 73.17 ;13282837
Probolinggo;ID3513;2020;113.4776;-7.8718;18.61;6.11;10859;66.07;67.2;6.87;59.76;92.16; 4.86 ; 72.89 ;22898239
Pasuruan;ID3514;2020;112.8582;-7.786;9.26;7.4;10164;68.6;70.23;7.97;80.03;97.21; 6.24 ; 67.67 ;103152797
Sidoarjo;ID3515;2020;112.6675;-7.4726;5.59;10.5;14458;80.29;74.04;10.65;95.52;99.06; 10.97 ; 67.17 ;135305323
Mojokerto;ID3516;2020;112.4351;-7.4699;10.57;8.51;12779;73.83;72.53;8.89;91.02;99.20; 5.75 ; 69.79 ;57818423
Jombang;ID3517;2020;112.2861;-7.5741;9.94;8.54;11261;72.97;72.4;8.67;88.98;99.37; 7.48 ; 70.23 ;27657585
Nganjuk;ID3518;2020;111.9046;-7.5944;11.62;7.64;12130;71.72;71.54;8.13;85.75;99.45; 4.80 ; 65.75 ;17990365
Madiun;ID3519;2020;111.6184;-7.6093;11.46;7.81;11574;71.73;71.38;8.12;91.92;97.83; 4.80 ; 71.42 ;12939584
Magetan;ID3520;2020;111.356;-7.6433;10.35;8.24;11776;73.92;72.59;8.65;88.65;99.46; 3.74 ; 73.23 ;13020891
Ngawi;ID3521;2020;111.3322;-7.461;15.44;7.06;11418;70.54;72.3;7.62;83.67;99.49; 5.44 ; 72.69 ;13479742
Bojonegoro;ID3522;2020;111.7615;-7.3175;12.87;7.33;10121;69.04;71.56;7.85;89.02;96.94; 4.92 ; 74.60 ;69703421
Tuban;ID3523;2020;112.0298;-6.8955;15.91;6.95;10238;68.4;71.43;7.50;79.03;97.58; 4.81 ; 71.84 ;42705013
Lamongan;ID3524;2020;112.3338;-7.1269;13.85;7.92;11456;72.58;72.4;8.43;92.23;92.18; 5.13 ; 70.81 ;26972650
Gresik;ID3525;2020;112.5722;-7.155;12.4;9.3;13246;76.11;72.66;9.61;96.90;94.63; 8.21 ; 66.53 ;97616602
Bangkalan;ID3526;2020;112.9137;-7.0384;20.56;5.95;8610;64.11;70.18;6.92;56.18;93.92; 8.77 ; 67.00 ;17514617
Sampang;ID3527;2020;113.2394;-7.0402;22.78;4.85;8739;62.7;68.03;6.19;81.85;89.89; 3.35 ; 69.93 ;13953737
Pamekasan;ID3528;2020;113.5252;-7.1051;14.6;6.69;8739;66.26;67.58;7.65;68.25;90.49; 3.49 ; 69.82 ;11117620
Sumenep;ID3529;2020;113.9061;-6.9254;20.18;5.71;8888;66.43;71.41;6.70;64.74;97.82; 2.84 ; 75.02 ;23546509
Kota Kediri;ID3571;2020;112.0178;-7.848;7.69;9.93;12239;78.23;74.02;10.13;95.40;99.67; 6.21 ; 66.00 ;84374979
Kota Blitar;ID3572;2020;112.1609;-8.0955;7.78;10.11;13733;78.57;73.75;9.75;96.67;98.37; 6.68 ; 69.53 ;4722554
Kota Malang;ID3573;2020;112.6326;-7.9666;4.44;10.18;16593;81.45;73.27;10.63;83.25;99.89; 9.61 ; 66.41 ;51154531
Kota Probolinggo;ID3574;2020;113.2037;-7.7764;7.43;8.7;12180;73.27;70.29;8.83;88.45;100.00; 6.70 ; 69.07 ;8035267
Kota Pasuruan;ID3575;2020;112.8999;-7.6469;6.66;9.12;13281;75.26;71.52;9.07;90.02;99.72; 6.33 ; 70.05 ;5706597
Kota Mojokerto;ID3576;2020;112.4401;-7.4705;6.24;10.25;13499;78.04;73.32;10.00;94.48;100.00; 6.74 ; 68.21 ;4801464
Kota Madiun;ID3577;2020;111.53;-7.6311;4.98;11.14;16018;80.91;72.81;10.25;98.71;99.83; 8.32 ; 68.63 ;10262445
Kota Surabaya;ID3578;2020;112.7521;-7.2575;5.02;10.49;17755;82.23;74.18;10.48;91.84;98.74; 9.79 ; 68.05 ;390936425
Kota Batu;ID3579;2020;112.5334;-7.8831;3.89;9.07;12824;75.9;72.61;9.01;93.20;99.02; 5.93 ; 72.33 ;11025814
Pandeglang;ID3601;2020;105.6882;-6.7483;9.92;7.1;8572;65;64.66;7.65;50.15;75.83; 9.15 ; 60.28 ;19541488
Lebak;ID3602;2020;106.2522;-6.5644;9.24;6.4;8690;63.91;67.21;7.00;63.35;73.49; 9.63 ; 69.97 ;20610989
Tangerang;ID3603;2020;106.4877;-6.1872;6.23;8.39;12203;71.92;69.89;8.87;82.23;98.48; 13.06 ; 65.43 ;93482489
Serang;ID3604;2020;106.0405;-6.1397;4.94;7.5;10665;66.7;64.64;8.14;77.57;89.95; 12.22 ; 63.46 ;53055563
Kota Tangerang;ID3671;2020;106.6527;-6.2024;5.22;10.69;14484;78.25;71.6;10.75;95.10;98.37; 8.63 ; 64.97 ;102898229
Kota Cilegon;ID3672;2020;106.0111;-6.0025;3.69;9.87;13010;73.05;66.67;10.11;94.38;94.98; 12.69 ; 61.83 ;73534471
Kota Serang;ID3673;2020;106.164;-6.1104;6.06;8.76;13212;72.16;68;9.31;87.34;99.10; 9.26 ; 63.79 ;22517969
Kota Tangerang Selatan;ID3674;2020;106.7113;-6.2835;2.29;11.81;15667;81.36;72.47;11.08;97.45;99.08; 8.48 ; 62.49 ;59525500
Kep. Seribu;ID3101;2021;106.5071982;-5.7985266;15.06;8.81;12587;72.1;68.99;9.23;83.75;94.22;8.58; 65.45 ;3649179
Kota Jakarta Selatan;ID3171;2021;106.807915;-6.262654;3.56;11.64;23888;84.9;74.2;11.58;96.51;99.96;7.33; 61.44 ;429398830
Kota Jakarta Timur;ID3172;2021;106.899527;-6.224886;4.28;11.67;17733;82.97;74.54;11.46;96.73;99.58;8.23; 60.85 ;313842135
Kota Jakarta Pusat;ID3173;2021;106.827915;-6.180105;4.94;11.39;17365;81.56;74.19;11.35;89.56;100.00;7.75; 63.17 ;460081046
Kota Jakarta Barat;ID3174;2021;106.76334;-6.167484;4.31;10.78;20801;81.76;73.69;10.87;97.75;100.00;9.06; 63.21 ;327622101
Kota Jakarta Utara;ID3175;2021;106.89255;-6.155492;7.24;10.81;18762;80.51;73.35;10.75;90.61;100.00;9.84; 65.79 ;330894597
Bogor;ID3201;2021;106.6291;-6.5518;8.13;8.31;10410;70.6;71.36;8.74;63.91;91.83;12.22; 62.55 ;159582645
Sukabumi;ID3202;2021;106.9536;-6.8649;7.7;7.1;8850;67.07;71.21;7.71;64.35;81.34;9.51; 64.93 ;47933519
Cianjur;ID3203;2021;107.1957;-7.358;11.18;7.19;8052;65.56;70.32;7.30;58.52;86.25;9.32; 67.98 ;32897517
Bandung;ID3204;2021;107.6215;-7.1341;7.15;9.07;10307;72.73;73.72;9.40;64.51;99.07;8.32; 65.12 ;83947149
Garut;ID3205;2021;107.7636;-7.5012;10.65;7.53;7961;66.45;71.59;7.96;43.73;77.35;8.68; 62.76 ;39981191
Tasikmalaya;ID3206;2021;108.1429;-7.6513;11.15;7.48;7829;65.9;69.67;7.93;49.35;85.26;6.16; 68.18 ;25179475
Ciamis;ID3207;2021;108.3493;-7.3321;7.97;7.9;9259;70.93;72.02;8.28;66.59;90.12;5.06; 69.83 ;22774934
Kuningan;ID3208;2021;108.5701;-7.0138;13.1;7.8;9409;69.71;73.78;8.26;80.98;94.40;11.68; 63.82 ;17483024
Cirebon;ID3209;2021;108.4751;-6.6899;12.3;7.1;10368;69.12;72.18;7.96;83.41;96.54;10.38; 64.49 ;34128554
Majalengka;ID3210;2021;108.2852;-6.7791;12.33;7.31;9591;67.81;70.46;7.84;80.59;96.80;5.71; 67.63 ;22788754
Sumedang;ID3211;2021;107.9532;-6.8329;10.71;8.52;10262;71.8;72.62;8.76;87.87;94.16;9.18; 68.51 ;24414663
Indramayu;ID3212;2021;108.3258;-6.3373;13.04;6.52;9810;67.64;71.84;7.38;89.75;97.95;8.30; 69.86 ;59544866
Subang;ID3213;2021;107.7636;-6.3488;10.03;7.11;10854;69.13;72.58;7.57;85.82;98.75;9.77; 67.78 ;29023194
Purwakarta;ID3214;2021;107.4322;-6.5649;8.83;8.1;11669;70.98;71.18;8.43;72.61;81.50;10.70; 61.13 ;46840149
Karawang;ID3215;2021;107.3376;-6.3227;8.95;7.78;11522;70.94;72.33;8.04;77.19;96.63;11.83; 64.19 ;166941492
Bekasi;ID3216;2021;107.1485;-6.2474;5.21;9.3;11341;74.45;73.81;9.72;81.02;95.02;10.09; 65.87 ;251828575
Kab Bandung Barat;ID3217;2021;107.492;-6.8652;11.3;8.2;8546;68.29;72.52;8.40;63.78;92.47;11.65; 60.75 ;31701786
Kota Bogor;ID3271;2021;106.806;-6.5971;7.24;10.53;11716;76.59;73.82;10.90;75.35;98.14;11.79; 61.77 ;33372476
Kota Sukabumi;ID3272;2021;106.93;-6.9277;8.25;9.81;10942;74.6;72.58;10.26;39.64;98.37;10.78; 56.86 ;8851051
Kota Bandung;ID3273;2021;107.6191;-6.9175;4.37;10.99;16996;81.96;74.46;11.33;48.90;99.51;11.46; 65.31 ;200414035
Kota Cirebon;ID3274;2021;108.5523;-6.732;10.03;10.12;11810;75.25;72.44;10.42;92.71;99.34;10.53; 62.87 ;17154552
Kota Bekasi;ID3275;2021;106.9756;-6.2383;4.74;11.31;15903;81.95;75.19;11.63;97.54;100.00;10.88; 64.76 ;69796936
Kota Depok;ID3276;2021;106.7942;-6.4025;2.58;11.46;15420;81.37;74.62;11.50;97.06;99.52;9.76; 62.62 ;49946927
Kota Cimahi;ID3277;2021;107.5413;-6.8841;5.35;11.08;12019;78.06;74.21;11.15;78.67;97.93;13.07; 61.79 ;23275779
Kota Tasikmalaya;ID3278;2021;108.2172;-7.3506;13.13;9.52;10213;73.31;72.34;9.77;52.62;94.40;7.66; 65.75 ;15981251
Kota Banjar;ID3279;2021;108.5342;-7.3707;7.11;8.77;10476;71.92;71.19;9.08;81.92;97.21;6.09; 64.07 ;3364261
Cilacap;ID3301;2021;108.9027;-7.6178;11.67;7.09;10534;70.42;73.9;7.62;76.42;93.37;9.97; 62.91 ;91944588
Banyumas;ID3302;2021;109.1404;-7.4832;13.66;7.63;11546;72.44;73.8;8.15;79.97;91.49;6.05; 65.07 ;40686808
Purbalingga;ID3303;2021;109.4259;-7.3059;16.24;7.25;10032;69.15;73.21;7.64;76.33;85.18;6.05; 69.52 ;17731438
Banjarnegara;ID3304;2021;109.6163;-7.3794;16.23;6.75;9407;67.86;74.28;7.16;40.75;82.61;5.86; 69.76 ;15536478
Kebumen;ID3305;2021;109.6525;-7.6681;17.83;7.55;9028;70.05;73.55;7.74;88.99;86.36;6.03; 67.76 ;20253059
Purworejo;ID3306;2021;109.9989;-7.6965;12.4;8.21;10275;72.98;74.87;8.60;79.81;85.99;3.59; 73.29 ;13582556
Wonosobo;ID3307;2021;109.9002;-7.3632;17.67;6.82;10760;68.43;71.94;7.20;53.27;95.64;5.26; 70.77 ;14064765
Magelang;ID3308;2021;110.2832;-7.4305;11.91;7.79;9440;70.12;73.88;8.05;78.40;94.14;5.03; 75.78 ;23661713
Boyolali;ID3309;2021;110.6884;-7.4318;10.62;7.85;13031;74.4;76.03;8.29;87.72;93.42;5.09; 75.79 ;23447366
Klaten;ID3310;2021;110.6646;-7.6579;13.49;8.81;12017;76.12;76.86;9.39;95.37;97.84;5.48; 66.89 ;28531109
Sukoharjo;ID3311;2021;110.8553;-7.6484;8.23;9.35;11428;77.13;77.73;9.71;94.27;98.01;3.32; 68.78 ;27634118
Wonogiri;ID3312;2021;111.046;-7.8846;11.55;7.34;9429;70.49;76.28;7.66;92.97;98.82;2.43; 73.09 ;21251004
Karanganyar;ID3313;2021;111.046;-7.6387;10.68;8.57;11509;75.99;77.55;8.98;95.38;98.65;5.89; 73.15 ;27034108
Sragen;ID3314;2021;111.0092;-7.4303;13.83;7.66;12679;74.08;75.79;7.99;89.89;98.33;4.76; 71.74 ;27355146
Grobogan;ID3315;2021;110.9507;-7.1542;12.74;7.11;10294;70.41;74.84;7.74;89.37;76.14;4.38; 72.88 ;20115534
Blora;ID3316;2021;111.3799;-7.0122;12.39;6.99;9669;69.37;74.51;7.55;90.51;94.84;3.81; 70.54 ;18126447
Rembang;ID3317;2021;111.4276;-6.8082;15.8;7.3;10519;70.43;74.61;7.92;89.94;95.36;3.67; 70.67 ;13925516
Pati;ID3318;2021;111.046;-6.745;10.21;7.48;10506;72.28;76.27;8.02;91.67;99.72;4.60; 68.99 ;31559079
Kudus;ID3319;2021;110.8791;-6.7726;7.6;8.76;11272;75.16;76.68;9.18;93.80;98.90;3.77; 74.77 ;69556928
Jepara;ID3320;2021;110.6787;-6.5827;7.44;7.79;10536;72.36;75.91;8.38;66.59;81.48;4.23; 69.55 ;21944232
Demak;ID3321;2021;110.6646;-6.9239;12.92;7.86;10248;72.57;75.46;8.54;91.38;96.71;5.28; 66.23 ;18856416
Semarang;ID3322;2021;110.4739;-7.1765;7.82;8.03;12070;74.24;75.79;8.55;91.01;98.25;5.02; 74.10 ;35946100
Temanggung;ID3323;2021;110.0892;-7.2749;10.17;7.25;9408;69.88;75.64;7.64;68.05;91.87;2.62; 74.01 ;15387930
Kendal;ID3324;2021;110.1879;-7.0265;10.24;7.46;11608;72.5;74.48;8.00;83.81;92.65;7.55; 69.93 ;31632276
Batang;ID3325;2021;109.9021;-7.0392;9.68;6.88;9524;68.92;74.74;7.41;66.96;98.38;6.59; 71.40 ;15764266
Pekalongan;ID3326;2021;109.6163;-7.0517;10.57;7.17;10409;70.11;73.74;7.78;78.57;96.20;4.28; 71.46 ;16615066
Pemalang;ID3327;2021;109.4259;-7.0599;16.56;6.45;8573;66.56;73.53;7.11;77.89;95.14;6.71; 65.90 ;18916262
Tegal;ID3328;2021;109.1048;-6.8588;8.6;6.99;9700;68.79;71.72;7.60;84.23;98.87;9.97; 66.24 ;25402911
Brebes;ID3329;2021;108.9027;-6.9592;17.43;6.22;10152;66.32;69.54;6.82;80.10;92.60;9.78; 63.97 ;33456328
Kota Magelang;ID3371;2021;110.2177;-7.4797;7.75;10.62;12349;79.43;76.93;11.05;84.04;100.00;8.73; 67.07 ;6513895
Kota Surakarta;ID3372;2021;110.8243;-7.5755;9.4;10.9;14911;82.62;77.32;11.31;88.73;99.82;7.85; 66.89 ;36211248
Kota Salatiga;ID3373;2021;110.5084;-7.3305;5.14;10.66;15843;83.6;77.55;11.01;98.07;98.78;7.26; 70.36 ;9820287
Kota Semarang;ID3374;2021;110.4381;-7.0051;4.56;10.78;15425;83.55;77.51;11.16;93.67;98.42;9.54; 69.41 ;144710663
Kota Pekalongan;ID3375;2021;109.6746;-6.8898;7.59;9.18;12598;75.4;74.44;9.77;94.62;99.28;6.89; 75.77 ;7601486
Kota Tegal;ID3376;2021;109.1256;-6.8797;8.12;8.73;13143;75.52;74.54;9.29;92.77;100.00;8.25; 68.25 ;11290269
Kulon Progo;ID3401;2021;110.1641;-7.8267;18.38;9.02;10069;74.71;75.27;9.32;95.95;89.33;3.69; 76.72 ;8778800
Bantul;ID3402;2021;110.3785;-7.919;14.04;9.57;15545;80.28;73.89;9.91;96.20;96.11;4.04; 71.64 ;19773332
Gunung Kidul;ID3403;2021;110.6169;-8.0305;17.69;7.3;9505;70.16;74.19;7.75;96.00;94.70;2.20; 75.99 ;14216362
Sleman;ID3404;2021;110.4024;-7.7325;8.64;10.92;16060;84;74.92;11.13;98.41;96.26;5.17; 73.05 ;35786977
Kota Yogyakarta;ID3471;2021;110.3695;-7.7956;7.69;11.72;18801;87.18;74.76;11.90;98.17;100.00;9.13; 71.86 ;28390085
Pacitan;ID3501;2021;111.1414;-8.1263;15.11;7.61;8887;68.57;72.07;7.82;71.70;76.71;2.04; 80.57 ;11107402
Ponorogo;ID3502;2021;111.4696;-7.8651;10.26;7.55;9851;71.06;72.85;7.93;87.49;96.30;4.38; 72.63 ;14619969
Trenggalek;ID3503;2021;111.6184;-8.1824;12.14;7.56;9743;70.06;73.86;7.97;75.48;75.78;3.53; 72.36 ;12959018
Tulungagung;ID3504;2021;111.9642;-8.0912;7.51;8.34;10807;73.15;74.16;8.65;85.37;97.40;4.91; 72.26 ;27390424
Blitar;ID3505;2021;112.1609;-8.0955;9.65;7.50;10757;71.05;73.61;7.96;75.67;93.33;3.66; 70.44 ;25700019
Kediri;ID3506;2021;112.1907;-7.8232;11.64;8.08;11127;72.56;72.65;8.50;86.92;96.35;5.15; 69.34 ;29361672
Malang;ID3507;2021;112.7152;-8.2422;10.5;7.43;10163;70.6;72.61;7.84;80.79;94.14;5.40; 68.49 ;68619103
Lumajang;ID3508;2021;113.1442;-8.0944;10.05;6.67;9203;66.07;70.21;7.65;83.24;95.73;3.51; 66.19 ;22623402
Jember;ID3509;2021;113.6681;-8.1845;10.41;6.49;9410;67.32;69.28;6.78;64.17;94.35;5.44; 68.97 ;54688719
Banyuwangi;ID3510;2021;114.3691;-8.2191;8.07;7.42;12217;71.38;70.72;7.94;81.15;94.16;5.42; 72.32 ;55471065
Bondowoso;ID3511;2021;113.9061;-7.9674;14.73;5.94;10690;66.59;66.89;6.57;52.82;93.44;4.46; 73.89 ;13921654
Situbondo;ID3512;2021;114.1915;-7.7889;12.63;6.62;9996;67.78;69.24;7.19;59.79;98.88;3.68; 71.63 ;13715834
Probolinggo;ID3513;2021;113.4776;-7.8718;18.91;6.12;10969;66.26;67.36;6.76;62.14;93.18;4.55; 73.24 ;23664388
Pasuruan;ID3514;2021;112.8582;-7.786;9.7;7.41;10297;68.93;70.25;7.61;82.92;97.36;6.03; 69.03 ;107630268
Sidoarjo;ID3515;2021;112.6675;-7.4726;5.93;10.72;14578;80.65;74.06;10.83;95.05;96.82;10.87; 66.47 ;141000359
Mojokerto;ID3516;2021;112.4351;-7.4699;10.62;8.64;12844;74.15;72.59;9.06;87.34;98.37;5.54; 70.47 ;60198699
Jombang;ID3517;2021;112.2861;-7.5741;10;8.55;11394;73.45;72.49;8.84;90.95;99.44;7.09; 70.69 ;28553448
Nganjuk;ID3518;2021;111.9046;-7.5944;11.85;7.78;12172;71.97;71.6;8.22;81.84;99.03;4.98; 64.24 ;18640685
Madiun;ID3519;2021;111.6184;-7.6093;11.91;7.82;11658;71.88;71.5;8.03;89.09;95.10;4.99; 67.77 ;13372330
Magetan;ID3520;2021;111.356;-7.6433;10.66;8.36;11833;74.15;72.65;8.69;88.40;99.90;3.86; 73.31 ;13417032
Ngawi;ID3521;2021;111.3322;-7.461;15.57;7.26;11459;71.04;72.41;7.97;79.35;99.92;4.25; 72.88 ;13823456
Bojonegoro;ID3522;2021;111.7615;-7.3175;13.27;7.38;10221;69.59;71.72;7.93;90.96;97.24;4.82; 71.84 ;65839509
Tuban;ID3523;2021;112.0298;-6.8955;16.31;7.18;10380;68.91;71.56;7.94;83.80;96.40;4.68; 73.77 ;43984689
Lamongan;ID3524;2021;112.3338;-7.1269;13.86;8.04;11510;73.12;72.49;8.50;89.70;81.98;4.90; 70.72 ;27896543
Gresik;ID3525;2021;112.5722;-7.155;12.42;9.56;13280;76.5;72.67;9.86;91.56;88.99;8.00; 69.43 ;101318686
Bangkalan;ID3526;2021;112.9137;-7.0384;21.57;5.96;8673;64.36;70.22;6.66;39.44;97.39;8.07; 68.66 ;17152779
Sampang;ID3527;2021;113.2394;-7.0402;23.76;4.86;8790;62.8;68.07;5.91;76.22;89.34;3.45; 70.19 ;13984568
Pamekasan;ID3528;2021;113.5252;-7.1051;15.3;6.70;8804;66.4;67.67;7.58;70.85;89.15;3.10; 65.88 ;11496236
Sumenep;ID3529;2021;113.9061;-6.9254;20.51;5.92;9000;67.04;71.56;6.84;65.66;98.29;2.31; 75.63 ;24161351
Kota Kediri;ID3571;2021;112.0178;-7.848;7.75;10.15;12359;78.6;74.04;11.21;95.75;98.95;6.37; 67.35 ;86485594
Kota Blitar;ID3572;2021;112.1609;-8.0955;7.89;10.35;13816;78.98;73.86;10.98;96.77;97.08;6.61; 69.96 ;4924572
Kota Malang;ID3573;2021;112.6326;-7.9666;4.62;10.41;16663;82.04;73.36;11.05;87.08;99.93;9.65; 67.59 ;53309702
Kota Probolinggo;ID3574;2021;113.2037;-7.7764;7.44;8.95;12245;73.66;70.35;9.75;89.77;99.66;6.55; 69.71 ;8361142
Kota Pasuruan;ID3575;2021;112.8999;-7.6469;6.88;9.33;13354;75.62;71.6;10.20;92.10;99.65;6.23; 71.66 ;5914585
Kota Mojokerto;ID3576;2021;112.4401;-7.4705;6.39;10.47;13610;78.43;73.39;11.10;95.49;99.63;6.87; 67.09 ;4976490
Kota Madiun;ID3577;2021;111.53;-7.6311;5.09;11.37;16095;81.25;72.83;11.93;97.31;99.53;8.15; 66.87 ;10748101
Kota Surabaya;ID3578;2021;112.7521;-7.2575;5.23;10.50;17862;82.31;74.18;10.52;95.20;98.06;9.68; 67.30 ;407726799
Kota Batu;ID3579;2021;112.5334;-7.8831;4.09;9.31;12887;76.28;72.65;9.90;95.57;100.00;6.57; 73.74 ;11471435
Pandeglang;ID3601;2021;105.6882;-6.7483;10.72;7.11;8635;65.17;64.79;7.15;49.11;82.01;7.70; 62.32 ;20127757
Lebak;ID3602;2021;106.2522;-6.5644;10.29;6.41;8724;64.03;67.33;6.80;56.82;73.32;7.86; 66.75 ;21245043
Tangerang;ID3603;2021;106.4877;-6.1872;7.12;8.61;12273;72.29;69.93;9.23;85.89;97.97;9.06; 63.94 ;97809902
Serang;ID3604;2021;106.0405;-6.1397;5.49;7.51;10713;66.82;64.76;7.86;80.34;92.33;10.58; 63.86 ;54992522
Kota Tangerang;ID3671;2021;106.6527;-6.2024;5.93;10.83;14575;78.5;71.6;10.91;94.94;98.00;9.07; 64.52 ;106705227
Kota Cilegon;ID3672;2021;106.0111;-6.0025;4.24;10.08;13041;73.35;66.69;10.35;97.07;98.72;10.13; 61.37 ;77071368
Kota Serang;ID3673;2021;106.164;-6.1104;6.79;8.89;13281;72.44;68.12;9.31;90.76;98.38;9.41; 62.16 ;23374085
Kota Tangerang Selatan;ID3674;2021;106.7113;-6.2835;2.57;11.82;15751;81.6;72.47;11.35;98.84;99.22;8.60; 62.56 ;62364158
